,total,data,pde
0,0.4604410469532013,0.3927638015151024,0.06767724707024173
1,0.371633527725935,0.3674092680215836,0.004224259888287634
2,0.3670456181466579,0.3628602248430252,0.004185393042862415
3,0.3630858293175697,0.3582658924162388,0.004819936931598931
4,0.35665602058172224,0.3512329350411892,0.005423086227383464
5,0.34389166697859763,0.33671667143702505,0.007174995536915958
6,0.3302485662698746,0.3227828487753868,0.00746571792755276
7,0.3228767941892147,0.3159707447886467,0.006906048813834787
8,0.3180698774755001,0.3117829005420208,0.006286977443378419
9,0.3148139490187168,0.3088852381706238,0.005928710252046585
10,0.31252620950341226,0.30668369606137275,0.005842513783136383
11,0.3102566258609295,0.30472698554396627,0.005529641008470207
12,0.30746971264481543,0.3028069232404232,0.004662788346176967
13,0.3060724537074566,0.3013229264318943,0.004749526431551203
14,0.30386726826429367,0.29977784961462023,0.004089418449439108
15,0.30307345509529116,0.29861277267336844,0.004460682555800304
16,0.3009946759045124,0.29745245561003686,0.0035422204609494657
17,0.30015663787722585,0.2963889047503471,0.003767731675179675
18,0.29945400640368464,0.29543692648410796,0.004017078473698348
19,0.2982361854612827,0.29433133274316786,0.0039048531570006163
20,0.29786655724048616,0.2934624934196472,0.004404063761467114
21,0.29692435786128046,0.29255788534879684,0.004366471485700458
22,0.296166548281908,0.29176153242588043,0.004405016801320017
23,0.2962386673688889,0.29108313873410224,0.005155529008479789
24,0.2948269732296467,0.29026499047875404,0.0045619832794182
25,0.2949571880698204,0.2897798900306225,0.005177297889022156
26,0.29422826915979383,0.288987523317337,0.005240745930932462
27,0.29357208356261255,0.2884622186422348,0.005109864743426442
28,0.29323755890131,0.28761932596564294,0.0056182323733810335
29,0.2932841645181179,0.28746994003653525,0.005814224302303046
30,0.29207296907901764,0.2866172021627426,0.00545576759846881
31,0.29128658086061476,0.2858033296465874,0.005483250838005915
32,0.29035226225852967,0.2851519937813282,0.005200268655316904
33,0.29098331823945045,0.28534026727080347,0.005643050518119708
34,0.29096356973052023,0.28464226588606834,0.006321303321747109
35,0.2896548783779144,0.2838109666109085,0.005843911194242537
36,0.28936640933156016,0.28339048951864243,0.005975920871132984
37,0.28964464396238326,0.28314572498202323,0.00649891903041862
38,0.28803705096244814,0.28267847463488577,0.005358574619749561
39,0.2886645282804966,0.2822999899089336,0.006364538932684809
40,0.2888768675923348,0.2822409784793854,0.0066358897276222704
41,0.2875250343978405,0.28168687477707866,0.0058381584892049435
42,0.2871813277900219,0.28133941248059274,0.00584191466215998
43,0.28871651738882065,0.2816901807487011,0.007026335401460529
44,0.28701150298118594,0.2808735835552216,0.00613791941315867
45,0.2865700703859329,0.2806648446619511,0.005905226687900722
46,0.2870479826629162,0.2805046898126602,0.006543293370632455
47,0.28708665192127225,0.28031004130840304,0.00677661114372313
48,0.28655313402414323,0.2800913906097412,0.006461743087274954
49,0.28606614902615546,0.2798181973397732,0.006247951649129391
50,0.28714911580085756,0.2798561710119247,0.00729294492979534
51,0.284987028837204,0.2794557440280914,0.00553128567058593
52,0.2871458826959133,0.2795213380455971,0.007624544345308095
53,0.2856080071628094,0.27915303900837896,0.006454969852929935
54,0.28586896389722827,0.27922232568264005,0.006646638342645019
55,0.2852214130759239,0.27885409221053126,0.0063673209049738945
56,0.2865887239575386,0.2792716859281063,0.0073170376906637104
57,0.2853830945491791,0.27865934655070307,0.006723747474607081
58,0.2853000885248184,0.27855797290802004,0.006742116226814687
59,0.28490703672170636,0.27838005661964416,0.006526979872724041
60,0.2852342015504837,0.27824152901768684,0.0069926719518844035
61,0.284537063986063,0.27807381317019464,0.006463250787928701
62,0.28557915687561036,0.27821350693702696,0.007365650130668655
63,0.2843875601887703,0.2778487005829811,0.0065388594183605165
64,0.2846266940236092,0.277804351747036,0.006822341660736129
65,0.2853517334163189,0.27793590575456617,0.007415827518561855
66,0.28448712423443795,0.277601997256279,0.00688512708293274
67,0.283954249471426,0.27745893493294715,0.006495314162457362
68,0.28490149438381196,0.2775315976142883,0.007369895847514272
69,0.2850542226433754,0.27766347512602807,0.007390747999306768
70,0.284737818390131,0.27745754659175875,0.007280271756462753
71,0.2853195932507515,0.27753108739852905,0.007788505399366841
72,0.28224739164114,0.27684496745467185,0.00540242477611173
73,0.28350612744688986,0.2768911355733871,0.006614992422983051
74,0.2851817867159843,0.27731686234474184,0.007864925385802054
75,0.28519630774855614,0.27713771894574163,0.008058589794673025
76,0.2817865388095379,0.27644106179475786,0.005345476135262288
77,0.28497704774141314,0.2770492589473724,0.007927789660170674
78,0.28326150283217433,0.2764250113070011,0.006836491200374439
79,0.28441079810261727,0.27671156272292136,0.007699235882610083
80,0.2833926147222519,0.2766070805490017,0.006785534754162654
81,0.2834059515595436,0.2762228025496006,0.007183149106567726
82,0.2840217578411102,0.27641406044363975,0.007607696425402537
83,0.2815374234318733,0.27580526620149615,0.005732157245511189
84,0.28295084580779073,0.27586240708827975,0.007088438094360754
85,0.2843548786640167,0.2762223382294178,0.00813254041597247
86,0.2838307777047157,0.2762162262201309,0.007614551835577004
87,0.28218344911932947,0.27575787097215654,0.006425577972549945
88,0.28081737488508224,0.2752697712182999,0.005547604175517335
89,0.28469888880848887,0.2767076006531715,0.007991288230987265
90,0.28475866734981536,0.27610649302601814,0.008652174953604118
91,0.2820250178873539,0.27544325321912766,0.006581764321308583
92,0.28097201481461526,0.27517702922224996,0.005794984553940594
93,0.28618894904851916,0.2765383392572403,0.00965061099617742
94,0.28255939051508905,0.27541721373796463,0.007142176954075694
95,0.28097565174102784,0.2750203178822994,0.005955334324971773
96,0.2830155912041664,0.2752405847609043,0.007775006890296936
97,0.281790319532156,0.27508712470531466,0.0067031942133326085
98,0.28105700105428694,0.27491793170571327,0.006139068210613914
99,0.28237582489848134,0.27503326937556266,0.007342555889626965
100,0.28139864042401314,0.2748752108216286,0.006523430070374161
101,0.2848472684621811,0.2758259178698063,0.009021350539987906
102,0.2826979532837868,0.27507812589406966,0.007619827890302986
103,0.28298389583826067,0.2751002304255962,0.0078836650098674
104,0.2823536245524883,0.2752279350161552,0.007125690273824148
105,0.281740705370903,0.2749147330224514,0.006825973094673827
106,0.28201332420110703,0.27469340279698373,0.007319921473972499
107,0.28146957740187645,0.27457022815942767,0.006899349876912311
108,0.28121780797839163,0.2743744955956936,0.006843313792487606
109,0.2830617056787014,0.27481665074825284,0.008245055053848774
110,0.2817381052672863,0.27446396738290785,0.007274138742359355
111,0.2805421067774296,0.2742051197588444,0.006336986590176821
112,0.28280288115143776,0.2746265506744385,0.008176330556161703
113,0.2797101545333862,0.27381980016827584,0.005890354727162048
114,0.28106261163949964,0.2739940470457077,0.007068564131041058
115,0.28372546017169953,0.2752969713509083,0.008428489228244872
116,0.28124648466706276,0.2742139765620232,0.007032507646363229
117,0.28062539264559744,0.2739827308058739,0.006642663847887888
118,0.2825926175713539,0.2742903405427933,0.008302277290495113
119,0.28201123505830766,0.2747898682951927,0.007221366071607917
120,0.2810029232501984,0.27376350671052935,0.007239416668890044
121,0.2825334140658379,0.27426616922020913,0.00826724422920961
122,0.2814509229362011,0.2739706327021122,0.0074802899645874275
123,0.28088580012321474,0.2737269489467144,0.00715885135345161
124,0.2809832128882408,0.2736496542394161,0.007333559045800939
125,0.2802696679532528,0.27337430119514466,0.006895366570679471
126,0.2829973994195461,0.27453874185681343,0.008458657725714146
127,0.2789241087436676,0.2731958131492138,0.005728295424487442
128,0.2815577115118504,0.2737231673300266,0.007834544451907278
129,0.27981691285967825,0.2733448840677738,0.006472028950229287
130,0.2800194731354713,0.2730789977312088,0.006940475243609399
131,0.28127442553639415,0.2739003564417362,0.007374069704674184
132,0.2815377840399742,0.2732990689575672,0.008238714601611718
133,0.281197604984045,0.2736233620345592,0.007574242750415579
134,0.28061645686626435,0.2733194129168987,0.007297043588478118
135,0.28100365251302717,0.2732104355096817,0.0077932182303629815
136,0.27876463159918785,0.27266219690442084,0.006102435116190463
137,0.2818049168586731,0.27335099890828135,0.00845391787821427
138,0.27844722747802736,0.2726036022603512,0.005843625941779464
139,0.28271697118878364,0.27421883270144465,0.008498138022841885
140,0.279934798181057,0.27285742715001104,0.007077372450148687
141,0.28049683675169945,0.27296663507819174,0.007530202260240913
142,0.28038291722536085,0.2730311216413975,0.007351795445429161
143,0.280602950155735,0.2728377750515938,0.007765174678061157
144,0.2783930933475494,0.2722801671922207,0.006112925197812729
145,0.2808288611471653,0.27271384283900263,0.008115017948439345
146,0.279417527616024,0.2724797570705414,0.006937771278899163
147,0.2791124232113361,0.2722015768289566,0.0069108465348836036
148,0.2789644491672516,0.27214672476053237,0.0068177249358268455
149,0.27793234542012213,0.271891021579504,0.006041323821409606
150,0.2811363151669502,0.2726702819764614,0.008466032746946439
151,0.28106298461556434,0.2733660128712654,0.007696972085977904
152,0.278668133020401,0.2720195285975933,0.006648603589273989
153,0.27891153350472453,0.27211346924304963,0.00679806373664178
154,0.28024243757128714,0.27249295011162755,0.007749488295521587
155,0.27912225693464277,0.2719334945082664,0.007188762326259166
156,0.279548327922821,0.2719353820383549,0.007612946117296815
157,0.281267429292202,0.2730373175442219,0.008230111576267518
158,0.2794778935611248,0.272024929523468,0.007452963748946786
159,0.27828930869698526,0.2716634277999401,0.006625881388317794
160,0.27953181236982344,0.2719040136039257,0.007627798789180815
161,0.2794328184425831,0.2718764294683933,0.007556390123791061
162,0.27707591027021405,0.27113774463534357,0.005938165589468553
163,0.2816830152273178,0.27268305361270906,0.008999961995286868
164,0.27867140486836434,0.2718386441469193,0.006832760197576135
165,0.2775863590836525,0.27124655932188035,0.00633979954989627
166,0.27892721265554427,0.27126603707671165,0.007661176041001454
167,0.27893167272210123,0.27134730279445646,0.007584369181422516
168,0.27906466141343117,0.27154968544840813,0.007514976600068621
169,0.27765745908021927,0.27102006793022154,0.006637391364201903
170,0.2777436405420303,0.2711342392861843,0.006609399695880711
171,0.2798404933512211,0.2716767819225788,0.00816371257242281
172,0.2795055340230465,0.2714835041761398,0.008022029611747711
173,0.2793507255613804,0.271811001598835,0.00753972329897806
174,0.27722143068909644,0.2707268327474594,0.00649459867621772
175,0.27807607799768447,0.27122067123651505,0.006855406787944957
176,0.2771847280859947,0.2705355715751648,0.006649157103383914
177,0.27769095927476883,0.27088252201676366,0.006808436742285266
178,0.27872803002595903,0.2709508928656578,0.007777137199882418
179,0.2770057563483715,0.27050390884280207,0.006501847313484177
180,0.27868640020489693,0.2709793642163277,0.007707035468192771
181,0.27992202758789064,0.2714574322104454,0.008464594752294942
182,0.27829694211483,0.27124777346849444,0.007049168779049069
183,0.27625274151563645,0.2701974634826183,0.00605527802137658
184,0.2771256668865681,0.2705520260334015,0.006573640166316182
185,0.2775112828612328,0.27028132140636446,0.0072299610066693274
186,0.2780349364876747,0.2701825599372387,0.007852376182563603
187,0.27961389914155005,0.2714905835688114,0.008123315571574495
188,0.2765120632946491,0.2703981618583202,0.006113901340286248
189,0.27827741876244544,0.2707186944782734,0.007558723969850689
190,0.27595931589603423,0.26985989838838575,0.006099417920922861
191,0.2825037908554077,0.2719659087061882,0.010537881915224716
192,0.27662686094641686,0.2701578097045422,0.0064690504147438335
193,0.27641803383827207,0.26991381019353866,0.006504222619114443
194,0.2783301495015621,0.2705661936104298,0.007763955889968202
195,0.27584469243884085,0.2696581080555916,0.006186584269744344
196,0.2763582670688629,0.2695304948091507,0.006827771792886779
197,0.2787493915855885,0.2705822545289993,0.008167136586271226
198,0.2783558355271816,0.27014379635453223,0.00821203870640602
199,0.27675472557544706,0.2696518003940582,0.007102925417711958
200,0.27737602949142454,0.2703454005718231,0.007030627771164291
201,0.2761863523721695,0.2695048360526562,0.006681517064571381
202,0.27776372656226156,0.269663844704628,0.008099881764501334
203,0.27693724900484085,0.26961611345410347,0.007321134319063276
204,0.2771463692188263,0.2695969255268574,0.007549443419557065
205,0.27518918603658676,0.26933303028345107,0.0058561572252074255
206,0.27563050255179405,0.2691437642276287,0.006486737143713981
207,0.276381888538599,0.26944094002246854,0.006940947853145189
208,0.2785553416609764,0.26964466854929925,0.008910673134960235
209,0.2747710818052292,0.2688788878917694,0.005892192831961438
210,0.2771139496564865,0.26922476828098296,0.007889182667713612
211,0.2758325374126434,0.26883226469159127,0.007000273305457085
212,0.27486381292343137,0.26878332734107974,0.006080485475249589
213,0.2764349891245365,0.26897299647331235,0.007461991626769304
214,0.27596439108252524,0.26897768914699555,0.00698670077661518
215,0.27500738635659217,0.26854293689131736,0.006464449167251587
216,0.27607313528656957,0.2688579176366329,0.00721521805273369
217,0.27647976353764536,0.26893525376915933,0.007544510036241263
218,0.2757790766656399,0.26855677232146263,0.007222305110190064
219,0.2753720708191395,0.26856705233454703,0.006805019001476466
220,0.27635880634188653,0.26897493585944177,0.00738387146149762
221,0.2751410049200058,0.2684253214299679,0.006715682760695927
222,0.27653478741645815,0.268699993789196,0.00783479307894595
223,0.27367961809039115,0.2679313379526138,0.005748280385741964
224,0.2785072869062424,0.2691519071161747,0.009355379493208603
225,0.2748604829609394,0.26858328595757486,0.006277198074385524
226,0.27464418530464174,0.2681693123281002,0.006474872918915935
227,0.27528498411178587,0.2681917981803417,0.007093184532132
228,0.2756152778863907,0.26848688542842863,0.007128392772283405
229,0.27557688489556315,0.2683152589201927,0.007261626629624516
230,0.27329553335905077,0.26766623437404635,0.005629298457643017
231,0.2756281490623951,0.26825536698102953,0.007372782019665465
232,0.2762653395533562,0.2684996175765991,0.007765722399344668
233,0.2749041599035263,0.2679580225050449,0.006946137927589007
234,0.27445535331964493,0.2677695471048355,0.006685805822489783
235,0.27461392924189565,0.26777050375938416,0.00684342525259126
236,0.27521501898765566,0.268041560202837,0.0071734591713175175
237,0.2751165471971035,0.2678926277160645,0.007223919929238036
238,0.27470269829034805,0.26785230666399,0.006850390837644227
239,0.2754061421751976,0.2680094084143639,0.007396734569920227
240,0.27376594841480256,0.2675843422114849,0.00618160609039478
241,0.2744182841479778,0.267591797709465,0.0068264861294301225
242,0.2769823603332043,0.2683036139607429,0.008678746109362692
243,0.2744937862455845,0.2676110498607159,0.006882737345295027
244,0.27339436769485476,0.2672871661186218,0.006107200992410071
245,0.27389518424868586,0.2673064647614956,0.006588720704894513
246,0.2749634066224098,0.26775053068995475,0.007212875375989825
247,0.27386067777872086,0.2670967756211758,0.0067639027221594004
248,0.27487658500671386,0.26755794137716293,0.007318643210455775
249,0.2747740676999092,0.2674235840141773,0.007350484156631865
250,0.27338451877236364,0.26699998855590823,0.00638453038642183
251,0.2740202149748802,0.2669561842083931,0.007064031292684376
252,0.2737673190236092,0.2670330718159676,0.00673424857784994
253,0.27436957955360414,0.26716532692313194,0.007204252353403717
254,0.2742912322282791,0.2670868794620037,0.007204352717963047
255,0.2727213867008686,0.266961113512516,0.005760271679610014
256,0.2739396359026432,0.2668867239356041,0.007052911366336048
257,0.27421778947114944,0.26696583911776545,0.0072519498027395456
258,0.2727323441207409,0.2666373173892498,0.006095026999828406
259,0.2717446446418762,0.2663423654437065,0.00540227850084193
260,0.2756033092737198,0.2672045473754406,0.008398761613061651
261,0.2732569397985935,0.26666520833969115,0.006591731206863187
262,0.27242826208472254,0.26649632945656776,0.005931932477396913
263,0.27250773444771764,0.26628042206168173,0.006227311871480196
264,0.27586965724825857,0.26744786873459814,0.008421788464765996
265,0.2725712756812573,0.26643682360649107,0.006134450884419493
266,0.27285074308514595,0.2663767950236797,0.0064739476324757565
267,0.2727083788812161,0.26621143192052843,0.0064969469700008635
268,0.274247794598341,0.2665615786612034,0.007686216176953167
269,0.2724254441261291,0.2662717029452324,0.0061537405726267026
270,0.27351830422878265,0.2663881953060627,0.007130108219571412
271,0.2752214439213276,0.26700950518250466,0.00821193829528056
272,0.27177956864237784,0.26610261350870135,0.005676955192466266
273,0.2736196304857731,0.26636342719197276,0.007256203891010955
274,0.2721797886490822,0.2660075278580189,0.006172261473257095
275,0.2743797318637371,0.2666811616718769,0.007698570376960561
276,0.2728809617459774,0.2662293466925621,0.006651615701848641
277,0.27248889282345773,0.26595027387142184,0.006538620201172307
278,0.2743766590952873,0.266547821611166,0.007828837747802027
279,0.27137837052345276,0.2658070182800293,0.005571353228297085
280,0.27365978598594665,0.2663444745540619,0.0073153115634340795
281,0.27181844517588616,0.26581013917922974,0.006008307234733366
282,0.27245705991983415,0.2657620245218277,0.006695036087185144
283,0.2726543666422367,0.26604150235652924,0.006612864684429951
284,0.27329354524612426,0.2660572794079781,0.007236266022664495
285,0.2729081256687641,0.26610634341835976,0.006801782624679617
286,0.27218502476811407,0.26568177446722985,0.006503250320674852
287,0.2737052945792675,0.26616165816783904,0.007543636889895424
288,0.2719614313542843,0.26557920455932615,0.006382227280992084
289,0.2715652248263359,0.2655149814486504,0.006050243235658854
290,0.2734889090061188,0.2660400551557541,0.007448854045942426
291,0.2721785853803158,0.2657043255865574,0.006474259862443432
292,0.27136712029576304,0.26533794298768043,0.006029176576412283
293,0.2733481529355049,0.26582704067230223,0.007521112568792887
294,0.2724401685595512,0.2656952352821827,0.006744933380978182
295,0.27244966879487037,0.26575809985399246,0.006691568529931829
296,0.2706306177377701,0.2651909489929676,0.005439668307080865
297,0.2710315865278244,0.2652725203335285,0.005759065586607904
298,0.27202163070440294,0.2653421504795551,0.006679481386672705
299,0.2732307627797127,0.26586371421813965,0.007367048795567825
300,0.27061099171638486,0.26507481560111046,0.005536175536108203
301,0.2724438714981079,0.2654941448569298,0.006949725415324792
302,0.2694343265891075,0.264904450327158,0.004529877581517212
303,0.27293761059641836,0.2652962553501129,0.007641355594969355
304,0.2722842234373093,0.26531181871891024,0.006972406235290691
305,0.27104525566101073,0.26509096428751944,0.005954291037051007
306,0.2731305857002735,0.2657827824354172,0.007347802142612636
307,0.27087902531027797,0.26489938467741014,0.005979640802252106
308,0.27074179843068125,0.26526195302605626,0.005479845521040261
309,0.2708921690285206,0.26493516728281974,0.0059570016822544855
310,0.2714029943943024,0.2650286224484444,0.006374371537240222
311,0.27179904744029043,0.26528411731123924,0.006514931077254005
312,0.2725255537033081,0.26523168861866,0.007293865429237485
313,0.27000646010041235,0.2647594402730465,0.0052470203232951465
314,0.27021348014473917,0.2647681380808353,0.0054453418293269355
315,0.26983751758933067,0.2645813247561455,0.00525619323074352
316,0.2727281838655472,0.2651309947669506,0.007597188021754846
317,0.27065552800893783,0.2647764103114605,0.005879117933800444
318,0.2721331560611725,0.26499973818659783,0.007133417768636718
319,0.27071389749646185,0.26472132563591005,0.005992572612594813
320,0.2711405512690544,0.2648490111529827,0.006291540021775291
321,0.2709668102860451,0.264713501483202,0.006253308256855234
322,0.27040120109915733,0.26453137412667277,0.005869827641872689
323,0.27103193730115893,0.26450673297047617,0.0065252044959925115
324,0.27169328793883324,0.2651286545395851,0.006564634437672794
325,0.270732499063015,0.2645798695087433,0.006152629932621494
326,0.27171073347330094,0.26481660395860673,0.006894128784770146
327,0.2684819106757641,0.2642550002038479,0.004226910779252648
328,0.27241015508770944,0.26494899377226827,0.007461161753162741
329,0.2712258604168892,0.26468320935964584,0.006542650777264498
330,0.27172887086868286,0.26469814762473104,0.007030723428470082
331,0.26874360740184783,0.26421940952539447,0.004524198028957471
332,0.27206671178340913,0.26475038915872573,0.007316322769038379
333,0.26974616274237634,0.2643347789347172,0.005411383998580277
334,0.2714068956673145,0.2644722358882427,0.006934659966500476
335,0.26902945920825005,0.2642290356755257,0.004800423753331415
336,0.2705549362301827,0.2644770076870918,0.006077928885351866
337,0.272926322966814,0.2648116458952427,0.008114677913254128
338,0.2710261444747448,0.2643881310522556,0.006638012886978686
339,0.2703798860311508,0.26431880846619604,0.0060610776540124785
340,0.27060113474726677,0.26439102575182916,0.0062101085484027865
341,0.27049323335289954,0.2643335200846195,0.006159712531953119
342,0.2697917546331883,0.26418479412794116,0.005606960237491876
343,0.26947934374213217,0.2641701880097389,0.005309156093862839
344,0.27054537132382395,0.2643357363343239,0.006209635239210911
345,0.27075774520635604,0.2641655074059963,0.006592239018063992
346,0.2714166849851608,0.2645454341173172,0.006871251658303663
347,0.269429784566164,0.26403049394488337,0.005399291580542922
348,0.27098252445459364,0.26431491479277613,0.006667609660653397
349,0.27011279091238977,0.2642001384496689,0.005912652026163414
350,0.2710086449980736,0.2643185092508793,0.00669013466220349
351,0.26987074956297874,0.26402981400489806,0.005840935201849789
352,0.26970347166061404,0.2640981388092041,0.005605331846163608
353,0.26991719752550125,0.26409954264760016,0.005817655242863111
354,0.2714115345478058,0.26419333383440974,0.007218201060313731
355,0.26908587753772734,0.26395021185278894,0.005135664958506822
356,0.27072777822613714,0.26406646355986596,0.0066613142949063335
357,0.2699496817588806,0.26402825489640236,0.005921425732667558
358,0.2684439550340176,0.2638187013566494,0.004625255193095654
359,0.2691832992434502,0.26381744861602785,0.0053658498998265716
360,0.2714228095114231,0.26413988813757894,0.007282922769081779
361,0.26998184889554977,0.2639774115383625,0.006004437252995558
362,0.2716003179550171,0.2642375959455967,0.007362722202669829
363,0.26992654412984846,0.2640443079173565,0.005882237063487992
364,0.2700982615351677,0.2639283786714077,0.006169883192633278
365,0.2701549671590328,0.26395584404468536,0.0061991222680080685
366,0.27104684680700303,0.2641659812629223,0.006880865583079867
367,0.26977173566818236,0.2639867101609707,0.005785025728400796
368,0.2708583655953407,0.2640169356763363,0.006841429512714967
369,0.2694211715459824,0.26385377198457716,0.005567399113788269
370,0.2694654230773449,0.2637846964597702,0.0056807263358496125
371,0.2696709156036377,0.2638369485735893,0.005833966985810548
372,0.2704472152888775,0.26390198603272436,0.00654523049830459
373,0.2677158834040165,0.2635973532497883,0.0041185297403717415
374,0.2694121645390987,0.26370989814400675,0.00570226686715614
375,0.2683397306501865,0.2634808267652988,0.004858903762651607
376,0.2692643918097019,0.26361650943756104,0.005647882766788825
377,0.27067009553313254,0.2638488382101059,0.006821259530261159
378,0.2677203440666199,0.26343788295984266,0.00428246001014486
379,0.2714696153998375,0.2639697089791298,0.007499905464355834
380,0.2688646636903286,0.26359981030225754,0.005264853067928925
381,0.2698295558989048,0.2637165519595146,0.006113004680373706
382,0.26896577671170235,0.2636201126873493,0.005345664259220939
383,0.27006058797240257,0.2636797288060188,0.006380859386408702
384,0.26868309572339055,0.26345386773347856,0.005229227758245542
385,0.2703935953974724,0.2637048515677452,0.0066887429502094165
386,0.2696272926032543,0.2636180666089058,0.006009226497262717
387,0.270052677243948,0.2637375971674919,0.006315080795320682
388,0.2693777002394199,0.2635280266404152,0.005849673294578679
389,0.2675673204660416,0.2634771926701069,0.004090127618401312
390,0.2682945241034031,0.26333114102482796,0.004963383577414788
391,0.2691826932132244,0.2634752057492733,0.005707488591433503
392,0.27067074820399284,0.263668375313282,0.007002372058923356
393,0.2709344498813152,0.2637939357757568,0.0071405132865766064
394,0.26914469242095945,0.26342006340622903,0.0057246296282391996
395,0.2687499797344208,0.2633839511871338,0.0053660289256367835
396,0.26846046179533006,0.263309378772974,0.005151083623641171
397,0.2695778852701187,0.263496391326189,0.006081494609243236
398,0.27027671694755556,0.26358050674200056,0.0066962112544570115
399,0.268436317294836,0.2633733341097832,0.0050629826571093875
400,0.2677355982363224,0.2632287774980068,0.004506821005488746
401,0.2682398989796638,0.26322991445660593,0.00500998493807856
402,0.27080140367150307,0.2635754165053368,0.007225987256970256
403,0.2685477577149868,0.26329516783356666,0.0052525896072620525
404,0.2698903109133244,0.26355413764715196,0.006336172579904087
405,0.26729544505476954,0.2630926419794559,0.004202802580548451
406,0.26979801803827286,0.26328884944319725,0.006509168360498734
407,0.2681538911163807,0.26327394649386404,0.004879945156862959
408,0.2693995699286461,0.26313778072595595,0.00626178968406748
409,0.26889982387423517,0.2635098858177662,0.005389938823063858
410,0.26918918892741206,0.26346341863274575,0.0057257702143397185
411,0.26938069954514504,0.2633636040985584,0.006017094770795666
412,0.2694490273296833,0.263250657171011,0.0061983687186148015
413,0.26651528269052505,0.2630107143521309,0.0035045685211662204
414,0.27115991294384,0.2634805104136467,0.0076794020965462555
415,0.26922664165496824,0.2633240085840225,0.0059026336605893445
416,0.2684487150609493,0.26320101886987685,0.005247696344158612
417,0.2691480311751366,0.26323234647512433,0.005915684942156076
418,0.26897250562906266,0.26317605525255205,0.005796450873604044
419,0.2664873145520687,0.2628973318636417,0.0035899817739846185
420,0.2702839189767838,0.2634072780609131,0.006876641021226533
421,0.2660913224518299,0.26281320706009864,0.0032781161420280115
422,0.2699574740231037,0.2632769101858139,0.006680564293055795
423,0.27006052672863007,0.26332031562924385,0.006740211767610162
424,0.2679293954372406,0.26304525405168533,0.004884139902424067
425,0.26889320477843287,0.26307389155030253,0.005819312674575485
426,0.2690035505592823,0.26314188361167906,0.005861666657729074
427,0.2684140779078007,0.26319685027003287,0.00521722762961872
428,0.26951374873518946,0.26316719859838483,0.006346550027956255
429,0.2666012412309647,0.26287636265158654,0.003724878126522526
430,0.26912768483161925,0.26305320084095,0.006074484948767349
431,0.2682153236865997,0.26309219300746917,0.005123130991705693
432,0.26889947056770325,0.2629470118880272,0.0059524595708353445
433,0.269036103785038,0.26322887003421785,0.005807234136736952
434,0.2677276423573494,0.26292456313967705,0.004803079019766301
435,0.2694026343524456,0.26315673351287844,0.006245901567162946
436,0.2676472713053226,0.2629568587243557,0.004690414390061051
437,0.26980912163853643,0.2630240447819233,0.006785077163949609
438,0.26805478587746623,0.26292398035526277,0.005130805719818454
439,0.26591847091913223,0.2627167449891567,0.003201725638937205
440,0.2691595675051212,0.2628629349172115,0.006296632791054435
441,0.2677997428178787,0.2630968300998211,0.0047029122471576555
442,0.27057312697172164,0.26318405106663706,0.00738907641149126
443,0.2673137168586254,0.2628255732357502,0.004488143054768443
444,0.2682914371788502,0.26286173224449155,0.005429704780108295
445,0.267988386452198,0.2627540159225464,0.005234370257239789
446,0.2688318611681461,0.2630960695445538,0.005735792486811988
447,0.26959718942642213,0.2630112139880657,0.006585976403439418
448,0.2668199642002583,0.26281107500195505,0.004008888421813026
449,0.2679567876458168,0.2627691386640072,0.005187648112769239
450,0.2692152953147888,0.2628705655038357,0.006344729716074653
451,0.26589250698685646,0.262536815404892,0.0033556927408790217
452,0.26855571433901787,0.26281424760818484,0.005741466918261722
453,0.26708794713020323,0.26261929035186765,0.0044686577480752025
454,0.2682503561675549,0.2627058993279934,0.0055444573314161975
455,0.2667959786951542,0.26255045980215075,0.004245519387768582
456,0.2702198672294617,0.2629595547914505,0.007260312993312254
457,0.26666992098093034,0.26268811270594594,0.003981808579992503
458,0.26658495038747787,0.26253659173846244,0.004048358172294684
459,0.2696317261457443,0.2632931500673294,0.006338576887210365
460,0.2673442812263966,0.26262164950370787,0.004722631464246661
461,0.26956172242760656,0.2628720247745514,0.00668969803256914
462,0.2667520958185196,0.2626177249848843,0.004134370118845254
463,0.268033764064312,0.262638955116272,0.0053948095528176055
464,0.2677218793332577,0.2626115967333317,0.005110282113892026
465,0.2660572868585587,0.26242071196436884,0.0036365751235280185
466,0.26971904695034027,0.2628392465412617,0.006879800643655471
467,0.2669441905617714,0.26249650806188585,0.004447683288308326
468,0.26841671869158745,0.26273202314972877,0.005684695017989725
469,0.2676053276658058,0.26249360337853433,0.005111724545131437
470,0.26740743458271027,0.2625805714726448,0.004826862933987286
471,0.2686618581414223,0.2627438245713711,0.00591803313291166
472,0.26676760509610176,0.26248801693320273,0.004279588240024168
473,0.2675174953043461,0.2625666075944901,0.004950886780279689
474,0.2676799799501896,0.26262202858924866,0.005057952310307883
475,0.2688046967983246,0.2626937179267406,0.006110978816577699
476,0.2680249162018299,0.2625994946062565,0.005425422149710357
477,0.26847721382975576,0.2627576091885567,0.0057196056609973315
478,0.26733893528580666,0.2625342594087124,0.004804675150080584
479,0.2666296212375164,0.2623646730184555,0.004264948334894143
480,0.26863714784383774,0.26263782173395156,0.0059993266052333636
481,0.26590786680579187,0.2623241332173347,0.0035837330081267284
482,0.2672747950255871,0.26241387739777566,0.004860918130143546
483,0.2669380144774914,0.26254355609416963,0.00439445848838659
484,0.2692502275109291,0.26271609857678413,0.0065341277414700015
485,0.2666216780245304,0.26237276032567025,0.004248918753582984
486,0.26801409289240835,0.26261030256748197,0.005403789248084649
487,0.26748413875699045,0.26254993930459025,0.0049341990638640705
488,0.268260902017355,0.26258319556713106,0.0056777066050563004
489,0.26854801148176194,0.2625149494409561,0.006033062399365008
490,0.2650384992361069,0.26222825482487677,0.0028102450698497703
491,0.2681800194084644,0.26250666797161104,0.005673351571895182
492,0.2677914866805077,0.26252762153744696,0.005263865652377717
493,0.2666758018732071,0.2623063203692436,0.004369480676832609
494,0.26618375778198244,0.26230687260627744,0.003876886125653982
495,0.2682969658076763,0.26281529739499093,0.005481668512802571
496,0.2695601896941662,0.26258772879838943,0.0069724608393153175
497,0.26583453550934794,0.2622725823521614,0.0035619530096300876
498,0.26741073191165926,0.262451529353857,0.004959202143945731
499,0.26699581533670425,0.2624724155664444,0.004523400199541356
500,0.2685952840745449,0.26248272001743317,0.006112563520437106
501,0.2656761960685253,0.2622040839493275,0.0034721120429458095
502,0.26939694955945015,0.2625530818104744,0.0068438674765639
503,0.2676000687479973,0.26241142094135284,0.005188647832837887
504,0.2677230359613895,0.26232178285717966,0.00540125255822204
505,0.2669484496116638,0.2624014289677143,0.004547019166930113
506,0.2668876685202122,0.2623018728196621,0.004585796367900912
507,0.26699433863162997,0.26233057767152784,0.004663760856783483
508,0.26861671194434167,0.2628371645510197,0.005779547302227002
509,0.26635918840765954,0.2623120880126953,0.0040470991618349215
510,0.2662708956003189,0.26214357450604436,0.004127319984836504
511,0.2680014659464359,0.262381801456213,0.00561966483539436
512,0.2683309610188007,0.26233899876475336,0.005991962535772472
513,0.2676381003856659,0.2624379405379295,0.005200160082313232
514,0.26426431745290757,0.2620085544884205,0.0022557624644832684
515,0.2690755920112133,0.26244232162833214,0.0066332701744977384
516,0.26730209961533546,0.262328579723835,0.004973520225903485
517,0.26613738521933555,0.2622706262767315,0.003866759166994598
518,0.2687003682553768,0.2624085088074207,0.006291858740150928
519,0.26439027205109594,0.2619877201318741,0.002402551371487789
520,0.2686658364534378,0.26241016685962676,0.0062556695332750675
521,0.266882416009903,0.26221340760588646,0.004669008411583491
522,0.2672270518541336,0.2622044073045254,0.005022645832505077
523,0.2668168933689594,0.26210058003664016,0.004716312962118536
524,0.2674072697758675,0.26229045912623405,0.0051168115867767485
525,0.266002189964056,0.26204185143113135,0.003960339016048238
526,0.2660330830514431,0.2620949740707874,0.003938108607544563
527,0.26878474935889246,0.262362449914217,0.006422299480764195
528,0.26515777453780176,0.26204668208956716,0.0031110927811823785
529,0.2675427982211113,0.2622018803656101,0.005340917951543816
530,0.26776996076107024,0.2622022920846939,0.005567668346920982
531,0.2673789796233177,0.26225738048553465,0.005121599502745084
532,0.26725912511348726,0.2622033892571926,0.005055736526264809
533,0.2653331962227821,0.2619675262272358,0.0033656701468862595
534,0.2656791573762894,0.2619393475353718,0.003739809724211227
535,0.26777770072221757,0.26231117874383925,0.005466521925409324
536,0.2671493989229202,0.26205983743071554,0.005089561747154221
537,0.26572014644742015,0.2619904635846615,0.003729682406701613
538,0.26642259255051615,0.2620583115518093,0.004364280856971163
539,0.26862266451120376,0.2626284408569336,0.005994222201406956
540,0.26769485309720037,0.26222077637910846,0.005474076583050191
541,0.26441407278180123,0.2618558278679848,0.002558245343680028
542,0.26662404611706736,0.26202320426702497,0.0046008413005620245
543,0.26797000735998155,0.262130718678236,0.005839288494316861
544,0.2649755635857582,0.2619025072455406,0.003073056327702943
545,0.26650982707738874,0.26194734692573546,0.004562480202293955
546,0.2672101643681526,0.262129602432251,0.005080563169904053
547,0.2680669875442982,0.26209378108382225,0.005973206026828848
548,0.2653719300031662,0.26193291127681734,0.00343901869666297
549,0.26639812856912615,0.26197194755077363,0.004426181385351811
550,0.2663531224429607,0.26194373950362204,0.004409384073223919
551,0.26678823456168177,0.26196436434984205,0.004823871024418622
552,0.26663894951343536,0.2619779051840305,0.00466104514314793
553,0.26537337243556974,0.2619489388167858,0.00342443427129183
554,0.2689575923979282,0.26222664073109625,0.0067309519305126745
555,0.2670595198869705,0.26203761786222457,0.00502190173137933
556,0.2663855902850628,0.2619942800700665,0.004391309818602167
557,0.2668817050755024,0.2619821886718273,0.004899515007273294
558,0.26463626146316527,0.26179865330457686,0.0028376076483982615
559,0.26532016158103944,0.26180846959352494,0.0035116922145243734
560,0.26682208076119424,0.26191368415951727,0.004908397637773305
561,0.26739848151803014,0.2620528322458267,0.005345649563823826
562,0.26697642892599105,0.26198053643107416,0.004995891920116264
563,0.26570683300495146,0.26188735678792,0.003819476606149692
564,0.26710900649428365,0.2619472533464432,0.005161753164720721
565,0.26654393821954725,0.2619368152320385,0.004607122714514844
566,0.26497466161847116,0.2617380481958389,0.0032366132695460692
567,0.2692047104239464,0.26226069271564484,0.006944017164059914
568,0.26697947576642034,0.26204601481556894,0.004933461195905693
569,0.26608224123716356,0.2619140577316284,0.0041681836795760315
570,0.26590302407741545,0.26189706712961197,0.004005955874163192
571,0.2661980926990509,0.2618813128769398,0.004316779883229174
572,0.2660295233130455,0.2618382966518402,0.004191226703114808
573,0.26839193552732465,0.2621160261332989,0.006275909767718985
574,0.2644194254279137,0.2617432288825512,0.002676197117834818
575,0.26917709976434706,0.26214399218559264,0.007033108253963292
576,0.26529059633612634,0.26185072883963584,0.0034398679860169067
577,0.26505849331617354,0.26173303872346876,0.0033254540601046754
578,0.26755904510617257,0.2620199102163315,0.005539135648868978
579,0.2655075189471245,0.26178805232048036,0.003719466669426765
580,0.2668685677647591,0.26188456520438197,0.004984001902339514
581,0.2658135469257832,0.261773002743721,0.004040544416056946
582,0.265279451161623,0.26169865086674693,0.003580799864139408
583,0.2667142944037914,0.26179163113236426,0.004922663386678323
584,0.26679431542754173,0.2621159774065018,0.00467833745322423
585,0.26726327821612356,0.2620708341896534,0.005192444602143951
586,0.26568387895822526,0.26179752349853513,0.0038863554660929366
587,0.26729333817958834,0.2619758236408234,0.005317514670896344
588,0.26670346438884734,0.26189879193902016,0.0048046716686803844
589,0.26504804894328116,0.2617404766380787,0.0033075721183558927
590,0.2671359133720398,0.2619718766212463,0.005164037038339302
591,0.2646577011048794,0.26165296003222466,0.003004741918994114
592,0.2666040177643299,0.261831181794405,0.004772835574112832
593,0.26747096568346024,0.2619021151959896,0.0055688507357263
594,0.2660254491865635,0.2617948789894581,0.004230570714571513
595,0.2660624970495701,0.2617794093489647,0.004283087294897996
596,0.266629551500082,0.2618767963349819,0.004752756086236332
597,0.26397602289915084,0.26157418623566625,0.0024018375130253843
598,0.26583451792597773,0.2617022629082203,0.004132254152209498
599,0.2659186205267906,0.26172803312540055,0.0041905884013976906
600,0.26763074308633805,0.2618619792163372,0.0057687635638285426
601,0.2662589843571186,0.2617809547483921,0.004478030674508773
602,0.26443995267152787,0.2616164857149124,0.002823466863774229
603,0.26736930429935457,0.26182161524891856,0.005547688690712676
604,0.2644358667731285,0.2615789645910263,0.002856902286002878
605,0.2691567216813564,0.2620839433372021,0.007072778639267199
606,0.2635307051241398,0.2615488335490227,0.001981871555908583
607,0.2667602564394474,0.26176135495305064,0.004998901092913002
608,0.26543897196650507,0.2616733407974243,0.003765631139394827
609,0.26694492504000666,0.2617326959967613,0.0052122288796817885
610,0.26658993273973464,0.26179259732365606,0.004797334155300632
611,0.2658870454132557,0.2616995324194431,0.004187513704528101
612,0.2640515391528606,0.2615195706486702,0.0025319688182207757
613,0.2663461621105671,0.261683312356472,0.004662849903979804
614,0.26644128397107125,0.26173743441700936,0.004703850771766156
615,0.2647173660993576,0.26155278652906416,0.003164578232099302
616,0.2675941735506058,0.26177967503666877,0.005814498930121772
617,0.2644901455938816,0.2615258836746216,0.002964263558387756
618,0.2665210066735744,0.26166770279407503,0.004853303645504638
619,0.26598097264766696,0.2617371089756489,0.004243863004958257
620,0.2651133596897125,0.26156799629330635,0.003545362812874373
621,0.26434016138315203,0.26148609548807145,0.0028540652652736752
622,0.26623326271772385,0.261772787719965,0.004460476137464866
623,0.2660956226289272,0.26167442724108697,0.004421195400645957
624,0.26761905252933504,0.2618123488128185,0.005806703697016928
625,0.2661325615644455,0.26168512627482415,0.004447436093469151
626,0.2638939121365547,0.2614601105451584,0.0024338028082274833
627,0.2664362467825413,0.26164333313703536,0.004792914042482153
628,0.2644269034266472,0.2614722238481045,0.0029546801070682704
629,0.26702226608991625,0.26175767704844477,0.005264589069993235
630,0.26736374452710154,0.2617443858087063,0.005619359564152546
631,0.26581262692809104,0.26164762511849404,0.004165001082583331
632,0.2655908441543579,0.26158699885010717,0.004003845837432891
633,0.26519893899559976,0.26154449477791786,0.003654444143176079
634,0.26600715577602385,0.2616057074069977,0.004401446715928614
635,0.26452172189950945,0.2614873154461384,0.0030344063381198792
636,0.2661873398721218,0.26159794837236405,0.004589391522458754
637,0.265888569355011,0.26158792212605475,0.004300646990013774
638,0.26673833847045897,0.261719671189785,0.005018667059775907
639,0.2665377816557884,0.26168260231614116,0.004855178750003688
640,0.265175564289093,0.2615440747141838,0.0036314886531909
641,0.2655528177320957,0.26153510764241217,0.004017709979671054
642,0.2636305201053619,0.2613627074658871,0.0022678133606677873
643,0.26660949319601057,0.261638253480196,0.004971240264712833
644,0.2670339700579643,0.2616822788119316,0.005351691611576825
645,0.2638782070577145,0.2613893933594227,0.002488813989039045
646,0.2659943689405918,0.261553515791893,0.004440853653650265
647,0.264537677615881,0.26139637574553487,0.003141302443400491
648,0.2680109579861164,0.2618364840745926,0.006174474547733553
649,0.26507079869508743,0.2615235732495785,0.0035472238360671326
650,0.2654502475261688,0.2615267449617386,0.003923502258257941
651,0.26385521084070207,0.2613503243029118,0.002504886879469268
652,0.26688990980386734,0.26158457100391386,0.005305339538899716
653,0.26540264025330546,0.2614798206090927,0.003922819250728935
654,0.2639429125189781,0.2613504301011562,0.002592483508924488
655,0.26549820095300675,0.261532851010561,0.003965350428770762
656,0.2666713300347328,0.26160603553056716,0.005065295101958327
657,0.2653269210457802,0.2614407841861248,0.0038861366489436476
658,0.26635907262563707,0.26153578639030456,0.00482328673475422
659,0.26421768084168434,0.2613976867496967,0.0028199944939115086
660,0.2641586780548096,0.2613027250766754,0.002855953167018015
661,0.2666368055343628,0.26153016269207,0.005106643231702037
662,0.26468004822731017,0.2613861680030823,0.0032938802236458288
663,0.26496888145804404,0.26137620970606806,0.0035926722141448406
664,0.26689417004585264,0.2615612758696079,0.005332893537706695
665,0.2641845689713955,0.2614169666171074,0.002767602324602194
666,0.2653338395059109,0.26142469227313997,0.003909146686200984
667,0.2667447645962238,0.26154155895113945,0.005203205800498835
668,0.26402766078710554,0.2613310921192169,0.0026965692368685268
669,0.26501677066087725,0.2613397942483425,0.003676976040005684
670,0.26553873434662817,0.26152512460947036,0.004013609309331514
671,0.266640457957983,0.2614488632977009,0.005191594644275028
672,0.26521155759692194,0.2615862235426903,0.00362533456471283
673,0.26372445389628413,0.2612676568329334,0.0024567979798302986
674,0.2664098808169365,0.2615263268351555,0.004883554192783777
675,0.26507497891783716,0.2613488082587719,0.0037261700921226294
676,0.2646025224030018,0.2613257378339767,0.0032767835090635345
677,0.26642529264092446,0.26150725468993186,0.004918037104071118
678,0.2653672167658806,0.26137308657169345,0.00399413110135356
679,0.26533562526106835,0.26140833616256715,0.003927289303974248
680,0.2640433715283871,0.26127006515860557,0.002773306383751333
681,0.266125275939703,0.26143146827816965,0.004693807025323622
682,0.26352633729577063,0.2612451508641243,0.00228118569648359
683,0.2670661863684654,0.2616691716015339,0.005397014845511876
684,0.2642965604364872,0.2613246427476406,0.0029719175078207626
685,0.26561808556318284,0.26142344504594806,0.004194639986089896
686,0.26466965839266776,0.26129089564085006,0.0033787633629981427
687,0.2670029650628567,0.2615086507797241,0.005494315517134965
688,0.26456101924180986,0.26135054513812067,0.0032104747352423146
689,0.26479249373078345,0.2612988416850567,0.0034936516158632002
690,0.26444307550787927,0.26125248163938525,0.003190594285260886
691,0.2642307098209858,0.26121924951672554,0.0030114599026273936
692,0.266069193482399,0.26147986263036727,0.00458933075045934
693,0.2651732449233532,0.2613111811876297,0.0038620636053383352
694,0.2638712863624096,0.26122276663780214,0.002648518496425822
695,0.26595561489462854,0.26142229095101355,0.004533324072835967
696,0.2651971186697483,0.26132110029459,0.00387601806956809
697,0.2659622396528721,0.261376578360796,0.004585660227749031
698,0.26376524671912194,0.26122075498104097,0.0025444909985526463
699,0.2653300294280052,0.2613306011259556,0.003999428832903504
700,0.2661875094473362,0.26138113990426065,0.004806369344587438
701,0.26512479335069655,0.2613303615152836,0.0037944319887901657
702,0.26380014285445214,0.2611929516494274,0.002607191914576106
703,0.26442096263170245,0.26121278896927835,0.003208173261373304
704,0.26645137727260587,0.2613985802233219,0.005052798303076997
705,0.26300146311521533,0.26114018112421034,0.0018612821132410317
706,0.26628154397010806,0.2612939874827862,0.004987557224230841
707,0.2654801627993584,0.2613787947595119,0.004101368374249432
708,0.2655145424604416,0.2613437697291374,0.004170772777870297
709,0.26282749593257904,0.26112564504146574,0.0017018505046144127
710,0.26608979851007464,0.26132272064685824,0.0047670782305067405
711,0.26603466138243675,0.26145304411649706,0.004581616521754768
712,0.263517487347126,0.261175901144743,0.0023415863275295123
713,0.2652149125933647,0.26126633226871493,0.003948579849966336
714,0.2662605433166027,0.2614138200879097,0.004846723025548272
715,0.26393776640295985,0.26122677251696585,0.0027109938886133024
716,0.2663149508833885,0.2614198222756386,0.004895128418575041
717,0.26419603541493414,0.26119036942720414,0.0030056663184950595
718,0.265995551943779,0.26141664281487464,0.004578909487463534
719,0.2634515571594238,0.26118218153715134,0.0022693752674967983
720,0.26575683414936063,0.2613035899400711,0.004453244003234431
721,0.2660839115083218,0.26141383036971094,0.004670080596988555
722,0.2642534881830215,0.2612259887158871,0.003027499359450303
723,0.2635070899128914,0.26113056927919387,0.0023765211892896334
724,0.26586913704872134,0.26129443526268004,0.004574700904777273
725,0.26331403076648713,0.2611024487018585,0.0022115815745200962
726,0.2671124896407127,0.2614339554309845,0.0056785357207991185
727,0.26375144347548485,0.26114479809999463,0.0026066446473123504
728,0.2645791129767895,0.2612851828336716,0.0032939299594727345
729,0.2636855059862137,0.2610752737522125,0.0026102319537312725
730,0.26646219670772553,0.26134071841835976,0.005121477812062949
731,0.26478786528110504,0.2612193776667118,0.0035684884045622312
732,0.2646211940050125,0.2611717291176319,0.0034494648160762155
733,0.2646666817367077,0.2611879374086857,0.00347874464961933
734,0.26317797482013705,0.2610523648560047,0.002125609941140283
735,0.2657919554412365,0.26122531682252886,0.00456663838820532
736,0.26493047654628754,0.26118760362267496,0.003742872246657498
737,0.263863043487072,0.2611213375627994,0.002741704623622354
738,0.2661282183229923,0.2612438941001892,0.0048843246838077906
739,0.26371737495064734,0.26115533232688903,0.002562042335339356
740,0.26413943722844124,0.2611255016922951,0.00301393622008618
741,0.2649752452969551,0.2611541798710823,0.003821064390940592
742,0.26632370814681056,0.2613228499889374,0.0050008587387856095
743,0.2644011873006821,0.2611568285524845,0.003244358802039642
744,0.26286559268832205,0.2610261392593384,0.001839453688589856
745,0.26631143867969514,0.26127252623438835,0.005038912168820389
746,0.26450305566191673,0.2611620560288429,0.003340999716310762
747,0.2638698628544807,0.26109765842556953,0.002772204607608728
748,0.2665940509736538,0.261284236907959,0.005309814002248459
749,0.2639434269070625,0.26113529115915296,0.002808136761886999
750,0.26399260506033895,0.26109007373452187,0.0029025299689965324
751,0.26418268427252767,0.2610668525099754,0.003115831673203502
752,0.26427107498049734,0.2611244907975197,0.0031465838331496345
753,0.26590114668011666,0.26125816866755486,0.004642979277123232
754,0.26530169785022734,0.2612228128314018,0.004078885782801081
755,0.2631549410521984,0.26108480483293534,0.0020701372445910238
756,0.2640203219652176,0.26109328523278236,0.0029270369629375635
757,0.2647687630355358,0.2610911229252815,0.0036776409711455926
758,0.26355732008814814,0.26101574301719666,0.0025415772979613394
759,0.26572325006127356,0.2611912068724632,0.0045320431384607215
760,0.26332055136561394,0.26102449879050255,0.0022960515707382
761,0.26560629308223727,0.26114494517445563,0.004461347399628721
762,0.2650757497549057,0.26120561942458154,0.003870129843999166
763,0.2632275538146496,0.2610356445610523,0.00219190867501311
764,0.2669231915473938,0.2613289448618889,0.005594247048138641
765,0.26220191448926927,0.2609769655764103,0.0012249492775299586
766,0.2648408029973507,0.2610972598195076,0.0037435441761044783
767,0.26403735488653185,0.2610555289685726,0.002981825973256491
768,0.2643932729959488,0.2611274266242981,0.003265846883296035
769,0.26707047134637835,0.2614024619758129,0.0056680099127697755
770,0.262023052573204,0.26095813170075416,0.001064921637007501
771,0.26576901108026507,0.2612624964118004,0.004506514539534692
772,0.2658376778662205,0.2612260118126869,0.004611667436256539
773,0.26225002452731133,0.26096089974045755,0.0012891247260267847
774,0.26536942526698115,0.26119671821594237,0.00417270710982848
775,0.264618531614542,0.26106643319129946,0.003552097454085015
776,0.2638437834382057,0.2610307909548283,0.002812992780818604
777,0.2644133834540844,0.261018718034029,0.003394666381936986
778,0.2651515558362007,0.2611097578704357,0.0040417976895696485
779,0.2622446224093437,0.2609134444594383,0.0013311793327738996
780,0.2641813692450523,0.26100220128893853,0.003179167170310393
781,0.26402306437492373,0.26099731519818303,0.00302574848436052
782,0.2669038951396942,0.26122920408844946,0.005674691539607011
783,0.26343001529574395,0.26102505818009375,0.0024049577410914934
784,0.26425816923379897,0.26100789740681646,0.0032502719809417613
785,0.26487629070878027,0.2610457994043827,0.0038304918431094847
786,0.2654558479785919,0.2611185583472252,0.004337289805407636
787,0.26299038276076314,0.26098655551671984,0.0020038264596951194
788,0.2644820082187653,0.261020483225584,0.0034615245542954655
789,0.26330817982554433,0.2609464967250824,0.0023616828257218003
790,0.2648930570483208,0.2611254398524761,0.0037676176134846173
791,0.2647044576704502,0.2610490185022354,0.003655440037546214
792,0.26497176468372347,0.2610740187764168,0.003897746514994651
793,0.2633718179166317,0.2609562626481056,0.002415556265914347
794,0.26483641743659975,0.2611140264570713,0.003722390187031124
795,0.26290931284427643,0.2609096875786781,0.001999624876480084
796,0.26500173479318617,0.2610201454162598,0.003981588735477999
797,0.2649228458106518,0.2611225986480713,0.00380024687765399
798,0.2638852000236511,0.26098906591534615,0.002896134182228707
799,0.2632619045674801,0.26092463195323945,0.0023372727187233977
800,0.2651349739730358,0.2610744400322437,0.0040605340994079595
801,0.2648318743705749,0.26103433951735494,0.0037975352900684813
802,0.2633829769492149,0.26098487645387647,0.0023981001865467986
803,0.2650517699122429,0.2610461610555649,0.0040056078630732374
804,0.2626439340412617,0.2608842675387859,0.0017596660397248343
805,0.26565830066800117,0.26115349769592283,0.004504803759919014
806,0.26238091856241225,0.260862667709589,0.0015182502823881804
807,0.26716242522001266,0.2612289705872536,0.0059334537666291
808,0.2625179839134216,0.2609082731604576,0.0016097103015636095
809,0.26352430701255797,0.2608853293955326,0.002638977569731651
810,0.2647207766771317,0.261054315418005,0.003666461944230832
811,0.26430801168084145,0.2609500731527805,0.0033579387326608413
812,0.26361091807484627,0.2609443463385105,0.002666571625886718
813,0.2638554310798645,0.2609318770468235,0.0029235537647036834
814,0.265623881816864,0.26109789550304413,0.004525986416556407
815,0.2632396699488163,0.2608976057171822,0.002342065498960437
816,0.26433247670531274,0.2609694042801857,0.0033630727243144066
817,0.26406546965241434,0.2609595164656639,0.003105952448240714
818,0.2641820003092289,0.2609505946934223,0.0032314062138902953
819,0.2635111394524574,0.2608921283483505,0.002619011666974984
820,0.2627897445857525,0.26083604887127876,0.0019536963317659684
821,0.2666726730763912,0.26119898110628126,0.005473691397346556
822,0.2633266450464726,0.2609276857972145,0.0023989586762036197
823,0.26364817649126054,0.2608933900296688,0.002754786175646586
824,0.26369267344474795,0.2609056995809078,0.0027869733818806706
825,0.26485896185040475,0.2609685242176056,0.003890437557129189
826,0.2622427159547806,0.26082315236330034,0.0014195634980569594
827,0.2654983265697956,0.2610514084994793,0.004446917500172276
828,0.26412717342376707,0.2609298151731491,0.003197358695906587
829,0.264071689248085,0.26093497797846793,0.003136710622929968
830,0.2627743788063526,0.2608450743556023,0.0019293050924898125
831,0.2655045364797115,0.2609932252764702,0.004511309588560834
832,0.2620780210196972,0.2608102752268314,0.001267745036748238
833,0.26564703628420827,0.2610175761580467,0.004629460502765141
834,0.26210820496082304,0.26079744219779966,0.0013107616687193513
835,0.26658653646707536,0.26104496777057645,0.005541569605120458
836,0.26322799921035767,0.26090300038456915,0.0023249983074492774
837,0.26461260706186296,0.26099242597818373,0.0036201810790225863
838,0.26359738111495973,0.26089257180690767,0.0027048092251061463
839,0.26452980503439905,0.2610201697051525,0.003509635381633416
840,0.26266992211341855,0.2608355177938938,0.0018344043564866297
841,0.2644202274084091,0.26093889147043225,0.003481336004624609
842,0.2639152705669403,0.26087449058890344,0.003040780019655358
843,0.2633805078268051,0.2608499483764172,0.002530558018479496
844,0.26392580941319466,0.2608486618101597,0.003077146808500402
845,0.26557102262973786,0.2610264341533184,0.004544587748241611
846,0.2620770919322968,0.26080533385276794,0.0012717578242882155
847,0.26683393225073815,0.2611747373640537,0.00565919371380005
848,0.2624818305671215,0.2608735309541225,0.0016082995597389528
849,0.2620717956125736,0.26075285494327544,0.001318941453646403
850,0.26579976856708526,0.26098254024982454,0.004817228690953925
851,0.2622618691623211,0.26083850130438807,0.0014233680178585928
852,0.26472332075238225,0.2608978992700577,0.0038254218763904644
853,0.26384202733635903,0.2608791793882847,0.002962848597380798
854,0.264272376447916,0.2608692532777786,0.0034031233267160133
855,0.2631713417172432,0.2608305414021015,0.00234080059628468
856,0.26414280593395234,0.2608483788371086,0.0032944275074987673
857,0.2635886454582214,0.26086035966873167,0.002728286346828099
858,0.26248669505119326,0.2607518702745438,0.001734825347084552
859,0.2651054395735264,0.26099080696702004,0.004114632672281004
860,0.2638131593167782,0.26084829315543173,0.002964866967522539
861,0.2638936193287373,0.26085282042622565,0.0030407991638639943
862,0.26442504182457927,0.26088752910494806,0.00353751305519836
863,0.2637603884935379,0.26088869765400885,0.0028716917600831947
864,0.2621430580317974,0.26073744758963585,0.0014056109287776052
865,0.26362135007977483,0.2608024200797081,0.0028189298551296814
866,0.26672195315361025,0.26117581069469453,0.005546142396051437
867,0.26256400868296625,0.2608185882866383,0.0017454198567429557
868,0.2639495885372162,0.260827918946743,0.003121669454849325
869,0.2626962293684483,0.26078147917985917,0.001914750132127665
870,0.26270480796694756,0.2607449586689472,0.001959849782870151
871,0.2646645186841488,0.26087410137057304,0.003790416988776997
872,0.2628847539424896,0.26076981469988825,0.002114938554732362
873,0.26488996759057043,0.26087055414915084,0.004019413513015024
874,0.262982494533062,0.26078027695417405,0.002202217890007887
875,0.26532096773386,0.26090473860502245,0.004416229989728891
876,0.26289754554629324,0.26081528708338736,0.0020822586835129186
877,0.26273501843214037,0.26072953835129736,0.0020054790831636636
878,0.26473829612135885,0.26086873799562454,0.0038695583396474833
879,0.2626825597882271,0.260749174207449,0.0019333851616829634
880,0.2639808839559555,0.2608130069077015,0.003167876340157818
881,0.26427754282951355,0.26083104744553565,0.0034464941965416072
882,0.26450748145580294,0.26087896823883056,0.0036285138057428412
883,0.26309089958667753,0.26080646708607674,0.0022844322919263506
884,0.26317600056529045,0.2607399842143059,0.002436015999119263
885,0.2655957779288292,0.2609800252318382,0.004615752136451192
886,0.2622551129758358,0.26076049730181694,0.001494616538984701
887,0.2634464231133461,0.26073902428150175,0.0027073989479686135
888,0.2630819407105446,0.26077630057930945,0.0023056385954259894
889,0.264002240896225,0.26080395847558974,0.0031982821362908
890,0.26320030465722083,0.26075279906392096,0.0024475047658779657
891,0.26375994831323624,0.26078630015254023,0.0029736485726607497
892,0.2630709084868431,0.2607538005709648,0.002317107274720911
893,0.2636918243765831,0.260803564786911,0.0028882605132821483
894,0.2637421216070652,0.26078896343708036,0.002953158412419725
895,0.26392430528998373,0.2608011373877525,0.003123168003221508
896,0.26363168463110925,0.26077197000384333,0.002859714308870025
897,0.2640852354466915,0.26082289770245554,0.003262338098429609
898,0.26271472349762914,0.26075150042772294,0.001963223257334903
899,0.26374187886714934,0.2607503469288349,0.0029915314554818905
900,0.2644193412363529,0.26084902465343474,0.0035703175200615077
901,0.2631121751666069,0.26076820597052575,0.0023439696728019045
902,0.2632132205367088,0.26071918711066244,0.0024940342822810635
903,0.26354225605726245,0.260767277777195,0.002774978015804663
904,0.2634265564382076,0.26075212642550466,0.00267443081640522
905,0.2634450449049473,0.260748266428709,0.0026967782297288067
906,0.2626929120719433,0.2607036629319191,0.0019892496723332444
907,0.2634525376558304,0.2607266111671925,0.002725926972925663
908,0.2631829565763473,0.2607127541303635,0.0024702021569828502
909,0.2648872855305672,0.26085081353783607,0.004036473138257861
910,0.2616534942388535,0.260655795186758,0.0009976984933018685
911,0.265676496475935,0.2609439897537231,0.00473250613809796
912,0.2624549159407616,0.2606903828680515,0.001764532586093992
913,0.2639890520274639,0.2607507984340191,0.003238253152521793
914,0.2622236044704914,0.2606837336719036,0.0015398697696218733
915,0.2635749143362045,0.2607079727947712,0.0028669415839249267
916,0.26395835176110266,0.2607477357983589,0.003210615327116102
917,0.2645971962809563,0.26083912178874014,0.0037580745240848048
918,0.26205275282263757,0.2606834226846695,0.0013693295361008496
919,0.2647713677585125,0.2608760407567024,0.003895326545316493
920,0.2620057399570942,0.26068890884518625,0.0013168309720640536
921,0.2658556465804577,0.2609116338193417,0.004944013537606224
922,0.2618654066324234,0.26069354444742204,0.001171862396877259
923,0.26450785756111145,0.2607997210323811,0.0037081352347740903
924,0.2625827741622925,0.2607255485653877,0.0018572253696038387
925,0.26449631810188295,0.2608335903286934,0.0036627274627971927
926,0.26235807940363887,0.26068782031536103,0.0016702588739281054
927,0.2638539597392082,0.2607397402822971,0.0031142188713420183
928,0.26332480922341345,0.26071845382452014,0.0026063546736259015
929,0.2617342695593834,0.2606204704940319,0.0011137995387252885
930,0.2632636737823486,0.2606998410820961,0.0025638324811006895
931,0.26493621975183484,0.26080946534872057,0.004126755460747518
932,0.2625356812775135,0.260660759806633,0.0018749216734431683
933,0.264900735616684,0.2608117243647575,0.004089010320894886
934,0.2626299621164799,0.26070605099201205,0.0019239105342421681
935,0.2627827437222004,0.2606485433876514,0.002134201046428643
936,0.26391350746154785,0.2607233989238739,0.003190109002753161
937,0.26367631152272225,0.26073209166526795,0.002944219827913912
938,0.26152546346187594,0.260617092102766,0.0009083708748221398
939,0.26314191848039625,0.2606688520312309,0.002473065929225413
940,0.26322236120700837,0.2606703333556652,0.002552027379279025
941,0.263570204526186,0.2606908641755581,0.0028793395758839324
942,0.26208637699484827,0.260613501816988,0.0014728753965755458
943,0.2662497439980507,0.26094397991895674,0.005305764353543054
944,0.2620545803010464,0.260662392526865,0.001392187264864333
945,0.2648527580499649,0.2607694287598133,0.004083328635315411
946,0.26264790922403336,0.26068794533610345,0.001959962765104137
947,0.2617040292918682,0.2605913950502872,0.0011126341800263618
948,0.2643704038858414,0.26073013827204705,0.0036402657060534693
949,0.2623967912793159,0.2606351192295551,0.0017616719254874625
950,0.2639576357603073,0.26072370320558547,0.003233932314033154
951,0.26438887789845467,0.26079136252403257,0.003597515287110582
952,0.26206951901316644,0.26064096570014955,0.0014285538814147003
953,0.2647054247558117,0.260755897462368,0.003949528281518724
954,0.262510000616312,0.26067428424954414,0.0018357163803011645
955,0.2625808110833168,0.26061897665262224,0.001961834575922694
956,0.2635298897325993,0.2606737807393074,0.002856108418200165
957,0.26356148451566697,0.2606854405999184,0.0028760438750032335
958,0.2615536920726299,0.26059483125805855,0.0009588611434446648
959,0.26430155485868456,0.2607660885155201,0.00353546682104934
960,0.26465275228023527,0.26072540283203127,0.003927349710429553
961,0.2628064651787281,0.2606768684089184,0.002129596792801749
962,0.26177419200539587,0.2605806954205036,0.0011934966675471515
963,0.2644554615020752,0.260741625726223,0.0037138349979068154
964,0.26343717411160467,0.26068693250417707,0.0027502427248691673
965,0.26525106325745584,0.26081713870167733,0.004433923545875586
966,0.2613171853125095,0.26062284111976625,0.0006943450290418696
967,0.2636815591156483,0.2606778472661972,0.0030037115515733604
968,0.2627931101620197,0.260642868578434,0.002150242686911952
969,0.2616830165684223,0.2605684904754162,0.0011145244824001565
970,0.2659799376130104,0.2608465600013733,0.00513337806914933
971,0.26155371457338333,0.2606097574532032,0.000943957031267928
972,0.2633992172777653,0.2606468971073628,0.0027523201529402286
973,0.26268090069293976,0.2606101770699024,0.0020707235924783164
974,0.2647277531027794,0.2607186332345009,0.004009119956172071
975,0.26283945232629774,0.2606520053744316,0.002187446914904285
976,0.2633109174668789,0.2606573623418808,0.002653555482684169
977,0.2628414785861969,0.26064074531197545,0.0022007333478541113
978,0.2624349346756935,0.2605907142162323,0.0018442195680108853
979,0.2630599813163281,0.2606051282584667,0.0024548535139183513
980,0.2629611304402351,0.2606154850125313,0.002345646193425637
981,0.2629585115611553,0.26061401054263117,0.002344499913742766
982,0.2644460937380791,0.26070905208587647,0.0037370416743215174
983,0.26183227971196177,0.260599627494812,0.0012326515455788466
984,0.2628480695188046,0.260593393445015,0.002254676278680563
985,0.2627459715306759,0.26059456780552864,0.0021514034742722288
986,0.2642997711896896,0.26071723997592927,0.003582531082793139
987,0.26124019652605057,0.2605439646542072,0.0006962328612280543
988,0.26415350288152695,0.2606769850850105,0.003476517381495796
989,0.262762023806572,0.26061201333999634,0.0021500109595945106
990,0.264213387966156,0.26070908829569817,0.00350429980608169
991,0.26241535872220995,0.26059614181518553,0.0018192177939636168
992,0.26253015890717507,0.26057393833994863,0.001956220943829976
993,0.26328302711248397,0.26061211332678796,0.0026709131558891384
994,0.2615927468240261,0.26053519383072854,0.0010575525044987444
995,0.26443375542759895,0.26070529893040656,0.003728458393306937
996,0.2623101192712784,0.2605612789094448,0.0017488399374997244
997,0.26323898702859877,0.26060776054859164,0.002631226972443983
998,0.26393131822347643,0.2606529057025909,0.003278413398656994
999,0.2616815334558487,0.2605860234797001,0.001095509744627634
1000,0.2632370872795582,0.2606129613518715,0.002624125567235751
1001,0.26460027262568475,0.2607066707313061,0.003893602949246997
1002,0.2619432272017002,0.26058187678456307,0.0013613510604773183
1003,0.2631795118749142,0.2606010812520981,0.002578431268048007
1004,0.2616878232359886,0.2605259384214878,0.001161884754546918
1005,0.26297317177057267,0.2605883377790451,0.002384833868709393
1006,0.26463513523340226,0.26071054801344873,0.003924588204536121
1007,0.26131788924336435,0.26052477717399597,0.000793112368992297
1008,0.26390954345464707,0.2606530348956585,0.0032565094466554
1009,0.2623481883108616,0.26054583609104154,0.0018023519736016169
1010,0.26359251379966736,0.260623786598444,0.0029687265661777927
1011,0.26361522018909456,0.2606271977722645,0.002988021293131169
1012,0.26173335060477254,0.2605350686609745,0.0011982817461830564
1013,0.264600694924593,0.26070433631539347,0.003896358389465604
1014,0.2620686386525631,0.26055634394288063,0.001512295317807002
1015,0.2621546646952629,0.26053408786654475,0.0016205766823259183
1016,0.26434234276413915,0.260710981041193,0.0036313628703646826
1017,0.26231306686997413,0.2605363428592682,0.0017767244271817617
1018,0.26281540110707285,0.2605934996902943,0.002221901247103233
1019,0.26309942722320556,0.2605813203752041,0.0025181076384615153
1020,0.2618942868709564,0.2605154085159302,0.0013788782007759437
1021,0.26221183702349665,0.2605192883312702,0.0016925490339053794
1022,0.2638642956316471,0.26062143996357917,0.0032428559016261715
1023,0.2630322453379631,0.2605644944310188,0.0024677514337236063
1024,0.2624447354674339,0.2605396381020546,0.0019050973998673726
1025,0.2643883228302002,0.2606530846655369,0.0037352377582283223
1026,0.2616139148175716,0.2605304457247257,0.001083468444267055
1027,0.26159689664840696,0.2604864986240864,0.0011103983913199045
1028,0.26559916645288467,0.26075020775198937,0.004848959138907958
1029,0.2622844970226288,0.2605595451593399,0.0017249511924455874
1030,0.26333871513605117,0.2605923479795456,0.002746367269428447
1031,0.26290395110845566,0.26057919338345525,0.002324758491595276
1032,0.26180180206894876,0.26051188841462136,0.0012899124989053234
1033,0.2621132563054562,0.26050441414117814,0.0016088424107874744
1034,0.2633700332045555,0.26055831253528594,0.002811720389581751
1035,0.26381209909915926,0.2606019516289234,0.0032101472702925093
1036,0.26262723505496977,0.2605535417795181,0.002073693072889
1037,0.2613024869561195,0.2604808883368969,0.0008215977188956458
1038,0.2639735968410969,0.26060632467269895,0.003367272380273789
1039,0.2623228524625301,0.2605401438474655,0.001782708526297938
1040,0.2629074768722057,0.2605515985190868,0.0023558786518697162
1041,0.26294887766242026,0.2605462226271629,0.0024026553619478364
1042,0.2620948667824268,0.26049255788326264,0.0016023089447116945
1043,0.2636229768395424,0.26060620859265327,0.0030167678411817177
1044,0.2622746171057224,0.2605158478021622,0.001758769895095611
1045,0.26345150619745256,0.26056754305958746,0.002883962591586169
1046,0.261902786642313,0.2605000524222851,0.001402733309805626
1047,0.2640653315186501,0.2606235149502754,0.0034418182898662054
1048,0.2623471176624298,0.2605379056930542,0.0018092124363465701
1049,0.2620380705595016,0.26049827456474306,0.0015397961824783124
1050,0.26343137592077254,0.26055008962750437,0.002881285339826718
1051,0.2626382291316986,0.2605164548754692,0.0021217743449960837
1052,0.2623450691998005,0.2605093578994274,0.0018357104767346756
1053,0.2619083419442177,0.2604867865145206,0.0014215548888023477
1054,0.2649556450545788,0.26063863933086395,0.004317005957127549
1055,0.2616574162244797,0.260515296459198,0.001142119700089097
1056,0.2613413034379482,0.26045696184039113,0.0008843420165067073
1057,0.26385112553834916,0.260566400885582,0.003284724800323602
1058,0.2626351036131382,0.26051458150148393,0.0021205213194480164
1059,0.2624987731873989,0.26050493359565735,0.0019938386225840077
1060,0.26301057800650596,0.26052854806184766,0.002482029316743137
1061,0.26240734666585924,0.2605047552287579,0.0019025920885906088
1062,0.2631148222088814,0.26055078104138374,0.0025640410972118844
1063,0.26286732986569405,0.26052735999226573,0.0023399693227838725
1064,0.2620888112485409,0.2604827038943768,0.0016061065945541487
1065,0.2624933765828609,0.260486416220665,0.002006960496364627
1066,0.2622753685712814,0.2604909034073353,0.0017844643941498362
1067,0.2648326455056667,0.2606519997119904,0.004180645839078352
1068,0.26119091793894766,0.26047349959611893,0.0007174175002728589
1069,0.2626829597353935,0.26050019189715384,0.0021827675167878625
1070,0.263484033793211,0.2605458442866802,0.002938189089036314
1071,0.2619675050675869,0.26050427824258804,0.0014632267056731508
1072,0.2623418167233467,0.26047241255640985,0.0018694038628018462
1073,0.2616756297647953,0.26045099407434463,0.001224636504339287
1074,0.26299702942371367,0.26052242547273635,0.002474604187882505
1075,0.2629206219315529,0.26050331398844717,0.002417308266449254
1076,0.2634855531156063,0.2605510973930359,0.002934455642098328
1077,0.26140674829483035,0.26049269527196883,0.0009140517112973612
1078,0.2622098945081234,0.2604582807421684,0.0017516139915096573
1079,0.2655050247907639,0.26074949368834494,0.00475553154014051
1080,0.2612991213798523,0.26046996146440504,0.0008291589860164094
1081,0.26207603871822355,0.26045590177178385,0.001620138805883471
1082,0.26211938783526423,0.2604685042798519,0.0016508834509295412
1083,0.26440758392214775,0.2605846920609474,0.003822892521857284
1084,0.26199411377310755,0.2604865099489689,0.0015076036046957598
1085,0.26109773576259615,0.2604245765507221,0.0006731588930415455
1086,0.26414202988147734,0.2605720406770706,0.0035699895847938023
1087,0.2616921834647655,0.26045531705021857,0.0012368665877147578
1088,0.2630301995575428,0.2604949223995209,0.002535276294220239
1089,0.26371212035417557,0.26057422399520874,0.00313789638254093
1090,0.26144309893250467,0.26045719534158707,0.0009859027422498912
1091,0.26370552733540537,0.2605251947045326,0.00318033279676456
1092,0.2619320642948151,0.26047600388526915,0.0014560593040368985
1093,0.26224006071686745,0.26045387849211693,0.0017861813527997583
1094,0.2614962400496006,0.26043103381991384,0.0010652072695665994
1095,0.2633598965406418,0.26054976642131805,0.0028101307050383186
1096,0.26408939853310587,0.2605451399087906,0.003544259225600399
1097,0.26148014292120936,0.2604538330435753,0.0010263105618651025
1098,0.26242709025740624,0.2604543152451515,0.0019727759025408888
1099,0.2633093436062336,0.2605036912858486,0.002805653627438005
1100,0.26187932044267653,0.2604701814055443,0.001409139154566219
1101,0.26241627961397174,0.260456658154726,0.001959620698034996
1102,0.2625347888469696,0.2604642844200134,0.0020705051138065755
1103,0.26226340487599376,0.26045831099152567,0.0018050932204641866
1104,0.26394805759191514,0.260592548251152,0.003355509285611333
1105,0.26127495914697646,0.2604463393986225,0.0008286200933798681
1106,0.2624534724652767,0.26044719472527506,0.0020062786726339253
1107,0.26151794478297236,0.26041699200868607,0.0011009520194784272
1108,0.2649952320754528,0.26061851501464844,0.004376717203267617
1109,0.2611400842666626,0.2604322415590286,0.0007078425437794067
1110,0.26249714851379397,0.2604591682553291,0.0020379809915903025
1111,0.26235746935009957,0.26044259294867517,0.0019148753429180942
1112,0.2621284453570843,0.2604395322501659,0.0016889133199583738
1113,0.26170452862977983,0.2604179817438126,0.001286546990595525
1114,0.2653123113512993,0.2606214661896229,0.004690844983269926
1115,0.2609159065783024,0.2604274868965149,0.0004884199314983561
1116,0.2638418324291706,0.26054336279630663,0.00329846951412037
1117,0.26099406510591505,0.2604190394282341,0.0005750251670542639
1118,0.26335517451167106,0.2604790398478508,0.0028761343743826727
1119,0.26172296911478043,0.2604482915997505,0.0012746777023130561
1120,0.26153676480054855,0.26040008798241615,0.0011366766889113933
1121,0.26554663211107254,0.2606286308169365,0.004918001090991311
1122,0.26104099690914156,0.2604413162171841,0.0005996813786623533
1123,0.26214514702558517,0.2604375919699669,0.0017075549768924248
1124,0.26159051060676575,0.2604176543653011,0.0011728558264439927
1125,0.2629035897552967,0.2604511581361294,0.0024524308592663146
1126,0.26249015688896177,0.2604411867260933,0.002048970575560816
1127,0.2626935058832169,0.2604583677649498,0.0022351378689927513
1128,0.2622684498131275,0.260451336055994,0.001817114284640411
1129,0.2614725938439369,0.2603961329162121,0.0010764609587204177
1130,0.26511314153671267,0.26069850504398345,0.004414636923902435
1131,0.2609407478570938,0.2604077863693237,0.0005329610912303906
1132,0.2627984292805195,0.26045971259474754,0.0023387162445578724
1133,0.2620782582461834,0.26042163714766503,0.001656620810244931
1134,0.2631585583090782,0.2604833336174488,0.0026752252550795675
1135,0.2609876137971878,0.26039025038480756,0.0005973628674109932
1136,0.2639308929443359,0.26054092571139337,0.0033899672160623597
1137,0.2614766000211239,0.26040659442543984,0.0010700055776396767
1138,0.26271654352545737,0.2604379262030125,0.002278617793926969
1139,0.2621964949369431,0.2604323545098305,0.0017641403785091825
1140,0.2628577072918415,0.26045766919851304,0.0024000381777295843
1141,0.2619407466053963,0.2604313023388386,0.0015094450519245583
1142,0.26200851902365685,0.2604042048752308,0.0016043140323017723
1143,0.26281549021601674,0.2604497794806957,0.002365710563317407
1144,0.2619641536474228,0.26039997979998586,0.001564173188235145
1145,0.2624298107624054,0.26043287992477415,0.001996931065514218
1146,0.2619165776669979,0.26040416553616524,0.0015124131090124137
1147,0.26236712247133254,0.2604235595464706,0.0019435629012878053
1148,0.2629001122713089,0.26043819695711135,0.00246191459329566
1149,0.2609286203980446,0.2603717015683651,0.0005569193654810079
